{"loader":{"loaderType":"fabric","mcVersion":"1.19","loaderVersion":"0.14.8"},"timePlayed":334,"background":"background.png","mods":[{"id":3821727,"gameId":432,"modId":248787,"isAvailable":true,"displayName":"appleskin-fabric-mc1.19-2.4.0.jar","fileName":"appleskin-fabric-mc1.19-2.4.0.jar","releaseType":2,"fileStatus":4,"hashes":[{"value":"9c39064e418b7eb39c8ee4e4b0cb7e54b9cc8758","algo":1},{"value":"4c4df86e65b9664916d81b3934efcff9","algo":2}],"fileDate":"2022-06-08T00:01:12.337Z","fileLength":1040425,"downloadCount":0,"downloadUrl":"https://edge.forgecdn.net/files/3821/727/appleskin-fabric-mc1.19-2.4.0.jar","gameVersions":["Fabric","1.19"],"sortableGameVersions":[{"gameVersionName":"Fabric","gameVersionPadded":"0","gameVersion":"","gameVersionReleaseDate":"2019-08-01T00:00:00Z","gameVersionTypeId":68441},{"gameVersionName":"1.19","gameVersionPadded":"0000000001.0000000019","gameVersion":"1.19","gameVersionReleaseDate":"2022-06-07T15:38:07.377Z","gameVersionTypeId":73407}],"dependencies":[{"modId":306612,"relationType":3}],"alternateFileId":0,"isServerPack":false,"fileFingerprint":2264531895,"modules":[{"name":"META-INF","fingerprint":3278620374},{"name":"LICENSE_appleskin-fabric","fingerprint":589621802},{"name":"assets","fingerprint":1063487217},{"name":"fabric.mod.json","fingerprint":1917994658},{"name":"pack.mcmeta","fingerprint":2520837536},{"name":"appleskin.mixins.json","fingerprint":3968382314},{"name":"appleskin-fabric-refmap.json","fingerprint":3225937052},{"name":"squeek","fingerprint":3320402654}],"projectID":248787,"name":"AppleSkin","packageFingerprint":2264531895,"fileID":3821727},{"id":3840132,"gameId":432,"modId":306612,"isAvailable":true,"displayName":"[1.19] Fabric API 0.56.1+1.19","fileName":"fabric-api-0.56.1+1.19.jar","releaseType":1,"fileStatus":4,"hashes":[{"value":"2315995af8670f7fdb8e66132de9b1aa2d3f146e","algo":1},{"value":"a0a36621d43f4276dee0da2179df1f53","algo":2}],"fileDate":"2022-06-19T19:19:09.43Z","fileLength":1486091,"downloadCount":4080,"downloadUrl":"https://edge.forgecdn.net/files/3840/132/fabric-api-0.56.1+1.19.jar","gameVersions":["Fabric","1.19"],"sortableGameVersions":[{"gameVersionName":"Fabric","gameVersionPadded":"0","gameVersion":"","gameVersionReleaseDate":"2019-08-01T00:00:00Z","gameVersionTypeId":68441},{"gameVersionName":"1.19","gameVersionPadded":"0000000001.0000000019","gameVersion":"1.19","gameVersionReleaseDate":"2022-06-07T15:38:07.377Z","gameVersionTypeId":73407}],"dependencies":[],"alternateFileId":0,"isServerPack":false,"fileFingerprint":3715563250,"modules":[{"name":"META-INF","fingerprint":2543469638},{"name":"assets","fingerprint":860504683},{"name":"fabric.mod.json","fingerprint":2266076048}],"projectID":306612,"name":"Fabric API","packageFingerprint":3715563250,"fileID":3840132},{"id":3835774,"gameId":432,"modId":263420,"isAvailable":true,"displayName":"v22.9.3 for Fabric 1.19","fileName":"Xaeros_Minimap_22.9.3_Fabric_1.19.jar","releaseType":2,"fileStatus":4,"hashes":[{"value":"8016307a0851c8cd3adbdb2293a9aa9403ea6df2","algo":1},{"value":"cd640b1c21caab4dc4262e61d1f589ff","algo":2}],"fileDate":"2022-06-17T09:25:03.91Z","fileLength":1255681,"downloadCount":4203,"downloadUrl":"https://edge.forgecdn.net/files/3835/774/Xaeros_Minimap_22.9.3_Fabric_1.19.jar","gameVersions":["Fabric","1.19-Snapshot","Quilt","1.19"],"sortableGameVersions":[{"gameVersionName":"Fabric","gameVersionPadded":"0","gameVersion":"","gameVersionReleaseDate":"2019-08-01T00:00:00Z","gameVersionTypeId":68441},{"gameVersionName":"1.19-Snapshot","gameVersionPadded":"0000000001.0000000019","gameVersion":"1.19","gameVersionReleaseDate":"2022-02-21T00:00:00Z","gameVersionTypeId":73407},{"gameVersionName":"Quilt","gameVersionPadded":"0","gameVersion":"","gameVersionReleaseDate":"2022-05-26T00:00:00Z","gameVersionTypeId":68441},{"gameVersionName":"1.19","gameVersionPadded":"0000000001.0000000019","gameVersion":"1.19","gameVersionReleaseDate":"2022-06-07T15:38:07.377Z","gameVersionTypeId":73407}],"dependencies":[{"modId":306612,"relationType":3}],"alternateFileId":0,"isServerPack":false,"fileFingerprint":264687320,"modules":[{"name":"META-INF","fingerprint":3214377846},{"name":"assets","fingerprint":662954849},{"name":"fabric.mod.json","fingerprint":2018455988},{"name":"xaero","fingerprint":666972983},{"name":"xaerominimap.mixins.json","fingerprint":2268574995},{"name":"xaero_mod1.19-ref9-refmap.json","fingerprint":3683495358}],"projectID":263420,"name":"Xaero's Minimap","packageFingerprint":264687320,"fileID":3835774},{"id":3835790,"gameId":432,"modId":317780,"isAvailable":true,"displayName":"v1.23.3 for Fabric 1.19","fileName":"XaerosWorldMap_1.23.3_Fabric_1.19.jar","releaseType":2,"fileStatus":4,"hashes":[{"value":"4fdbe2ea946032c4259204428662c2cc2a1cbab8","algo":1},{"value":"d60b83128c5b4b544d1a0b8bc885ce2e","algo":2}],"fileDate":"2022-06-17T09:33:07.223Z","fileLength":662994,"downloadCount":3470,"downloadUrl":"https://edge.forgecdn.net/files/3835/790/XaerosWorldMap_1.23.3_Fabric_1.19.jar","gameVersions":["Fabric","1.19-Snapshot","Quilt","1.19"],"sortableGameVersions":[{"gameVersionName":"Fabric","gameVersionPadded":"0","gameVersion":"","gameVersionReleaseDate":"2019-08-01T00:00:00Z","gameVersionTypeId":68441},{"gameVersionName":"1.19-Snapshot","gameVersionPadded":"0000000001.0000000019","gameVersion":"1.19","gameVersionReleaseDate":"2022-02-21T00:00:00Z","gameVersionTypeId":73407},{"gameVersionName":"Quilt","gameVersionPadded":"0","gameVersion":"","gameVersionReleaseDate":"2022-05-26T00:00:00Z","gameVersionTypeId":68441},{"gameVersionName":"1.19","gameVersionPadded":"0000000001.0000000019","gameVersion":"1.19","gameVersionReleaseDate":"2022-06-07T15:38:07.377Z","gameVersionTypeId":73407}],"dependencies":[{"modId":306612,"relationType":3},{"modId":306612,"relationType":3}],"alternateFileId":0,"isServerPack":false,"fileFingerprint":2575928012,"modules":[{"name":"META-INF","fingerprint":4260073713},{"name":"assets","fingerprint":1773296739},{"name":"fabric.mod.json","fingerprint":1883424327},{"name":"xaero","fingerprint":4044429214},{"name":"xaeroworldmap.mixins.json","fingerprint":1883120306},{"name":"xaero_mod1.19-ref9-refmap.json","fingerprint":3683495358}],"projectID":317780,"name":"Xaero's World Map","packageFingerprint":2575928012,"fileID":3835790},{"id":3828073,"gameId":432,"modId":315811,"isAvailable":true,"displayName":"[1.19] ShulkerBoxTooltip-3.0.9+1.19","fileName":"shulkerboxtooltip-3.0.9+1.19.jar","releaseType":1,"fileStatus":4,"hashes":[{"value":"023270ac4d8c28ee2fd58500a10cc0bfa6aee73e","algo":1},{"value":"7a6e3a19d641a8452c7f844cfe374216","algo":2}],"fileDate":"2022-06-11T20:01:20.977Z","fileLength":1187927,"downloadCount":1,"downloadUrl":"https://edge.forgecdn.net/files/3828/73/shulkerboxtooltip-3.0.9+1.19.jar","gameVersions":["Fabric","1.19"],"sortableGameVersions":[{"gameVersionName":"Fabric","gameVersionPadded":"0","gameVersion":"","gameVersionReleaseDate":"2019-08-01T00:00:00Z","gameVersionTypeId":68441},{"gameVersionName":"1.19","gameVersionPadded":"0000000001.0000000019","gameVersion":"1.19","gameVersionReleaseDate":"2022-06-07T15:38:07.377Z","gameVersionTypeId":73407}],"dependencies":[{"modId":348521,"relationType":1},{"modId":308702,"relationType":2},{"modId":306612,"relationType":3}],"alternateFileId":0,"isServerPack":false,"fileFingerprint":50770519,"modules":[{"name":"META-INF","fingerprint":4265200735},{"name":"assets","fingerprint":2250462961},{"name":"shulkerboxtooltip.accesswidener","fingerprint":1978044959},{"name":"fabric.mod.json","fingerprint":801702506},{"name":"shulkerboxtooltip.common.json","fingerprint":1622174720},{"name":"shulkerboxtooltip.client.json","fingerprint":1461407054},{"name":"shulkerboxtooltip-refmap.json","fingerprint":2022018782},{"name":"com","fingerprint":561072762}],"projectID":315811,"name":"ShulkerBoxTooltip","packageFingerprint":50770519,"fileID":3828073},{"id":3832013,"gameId":432,"modId":325492,"isAvailable":true,"displayName":"[Fabric 1.19] v7.0.0","fileName":"light-overlay-7.0.0.jar","releaseType":2,"fileStatus":4,"hashes":[{"value":"188fbcfdc097b1a5309f1588270d075627c84a96","algo":1},{"value":"0c382c6fe30bac0b6e43d7c4222d609f","algo":2}],"fileDate":"2022-06-14T14:34:44.387Z","fileLength":62616,"downloadCount":0,"downloadUrl":"https://edge.forgecdn.net/files/3832/13/light-overlay-7.0.0.jar","gameVersions":["Fabric","1.19-Snapshot","1.19"],"sortableGameVersions":[{"gameVersionName":"Fabric","gameVersionPadded":"0","gameVersion":"","gameVersionReleaseDate":"2019-08-01T00:00:00Z","gameVersionTypeId":68441},{"gameVersionName":"1.19-Snapshot","gameVersionPadded":"0000000001.0000000019","gameVersion":"1.19","gameVersionReleaseDate":"2022-02-21T00:00:00Z","gameVersionTypeId":73407},{"gameVersionName":"1.19","gameVersionPadded":"0000000001.0000000019","gameVersion":"1.19","gameVersionReleaseDate":"2022-06-07T15:38:07.377Z","gameVersionTypeId":73407}],"dependencies":[{"modId":419699,"relationType":3},{"modId":348521,"relationType":3}],"alternateFileId":0,"isServerPack":false,"fileFingerprint":3019574459,"modules":[{"name":"META-INF","fingerprint":2376327473},{"name":"icon.png","fingerprint":1881518080},{"name":"assets","fingerprint":1107709716},{"name":"lightoverlay.accesswidener","fingerprint":1083676538},{"name":"fabric.mod.json","fingerprint":1725762201},{"name":"lightoverlay.mixins.json","fingerprint":3425582033},{"name":"light-overlay-fabric-refmap.json","fingerprint":427036550},{"name":"me","fingerprint":2795136527},{"name":"architectury_inject_lightoverlay_common_8a3571216ab54284b2725f771eb23314_41975f1901138958ec77525451cba23330df8f0120716052f55e8eb9d66a8969lightoverlay700devjar","fingerprint":1778877202}],"projectID":325492,"name":"Light Overlay (Rift/Forge/Fabric)","packageFingerprint":3019574459,"fileID":3832013},{"id":3834396,"gameId":432,"modId":419699,"isAvailable":true,"displayName":"[Fabric 1.19] v5.7.27","fileName":"architectury-5.7.27-fabric.jar","releaseType":1,"fileStatus":4,"hashes":[{"value":"b1585ffd38c67619101e86c3c6319fa52efebf7c","algo":1},{"value":"ca17d9d425755ac0245af63abafc9fbb","algo":2}],"fileDate":"2022-06-16T10:52:09.24Z","fileLength":551610,"downloadCount":0,"downloadUrl":"https://edge.forgecdn.net/files/3834/396/architectury-5.7.27-fabric.jar","gameVersions":["Fabric","1.19-Snapshot","Quilt","1.19"],"sortableGameVersions":[{"gameVersionName":"Fabric","gameVersionPadded":"0","gameVersion":"","gameVersionReleaseDate":"2019-08-01T00:00:00Z","gameVersionTypeId":68441},{"gameVersionName":"1.19-Snapshot","gameVersionPadded":"0000000001.0000000019","gameVersion":"1.19","gameVersionReleaseDate":"2022-02-21T00:00:00Z","gameVersionTypeId":73407},{"gameVersionName":"Quilt","gameVersionPadded":"0","gameVersion":"","gameVersionReleaseDate":"2022-05-26T00:00:00Z","gameVersionTypeId":68441},{"gameVersionName":"1.19","gameVersionPadded":"0000000001.0000000019","gameVersion":"1.19","gameVersionReleaseDate":"2022-06-07T15:38:07.377Z","gameVersionTypeId":73407}],"dependencies":[{"modId":306612,"relationType":3}],"alternateFileId":0,"isServerPack":false,"fileFingerprint":3911714176,"modules":[{"name":"META-INF","fingerprint":2607909549},{"name":"architectury-common-refmap.json","fingerprint":2430096601},{"name":"architectury-common.mixins.json","fingerprint":100246097},{"name":"architectury-fabric-refmap.json","fingerprint":77435284},{"name":"architectury.accessWidener","fingerprint":2206595673},{"name":"architectury.mixins.json","fingerprint":3862517629},{"name":"architectury_inject_architectury_common_3101102b44934d538c6e50d92b265dca_3b6e43e75302026aa8c99b381afc690aba9556f6e1d62d2c826d8e923966f22darchitectury5727devjar","fingerprint":25979012},{"name":"dev","fingerprint":1276362018},{"name":"fabric.mod.json","fingerprint":3902056477},{"name":"icon.png","fingerprint":337711864}],"projectID":419699,"name":"Architectury API (Fabric/Forge)","packageFingerprint":3911714176,"fileID":3834396},{"id":3821021,"gameId":432,"modId":455508,"isAvailable":true,"displayName":"Iris 1.2.5 for Minecraft 1.19","fileName":"iris-mc1.19-1.2.5.jar","releaseType":1,"fileStatus":4,"hashes":[{"value":"499a3e1b13eafb0eb4dceee1152c84b23211e0d5","algo":1},{"value":"0a63a8540d7a91c867d53bca0fc71411","algo":2}],"fileDate":"2022-06-07T17:44:38.087Z","fileLength":1561033,"downloadCount":1261,"downloadUrl":"https://edge.forgecdn.net/files/3821/21/iris-mc1.19-1.2.5.jar","gameVersions":["Fabric","Quilt","1.19"],"sortableGameVersions":[{"gameVersionName":"Fabric","gameVersionPadded":"0","gameVersion":"","gameVersionReleaseDate":"2019-08-01T00:00:00Z","gameVersionTypeId":68441},{"gameVersionName":"Quilt","gameVersionPadded":"0","gameVersion":"","gameVersionReleaseDate":"2022-05-26T00:00:00Z","gameVersionTypeId":68441},{"gameVersionName":"1.19","gameVersionPadded":"0000000001.0000000019","gameVersion":"1.19","gameVersionReleaseDate":"2022-06-07T15:38:07.377Z","gameVersionTypeId":73407}],"dependencies":[{"modId":394468,"relationType":3}],"alternateFileId":0,"isServerPack":false,"fileFingerprint":2960829413,"modules":[{"name":"META-INF","fingerprint":4058131623},{"name":"assets","fingerprint":2528091557},{"name":"centerDepth.fsh","fingerprint":4083027145},{"name":"centerDepth.vsh","fingerprint":462961270},{"name":"de","fingerprint":1526878593},{"name":"fabric.mod.json","fingerprint":945975288},{"name":"iris-batched-entity-rendering.mixins.json","fingerprint":2670421617},{"name":"iris-refmap.json","fingerprint":3405657167},{"name":"iris.accesswidener","fingerprint":3151308782},{"name":"kroppeb","fingerprint":2534316967},{"name":"mixins.iris.bettermipmaps.json","fingerprint":1853408289},{"name":"mixins.iris.compat.indigo.json","fingerprint":3417859026},{"name":"mixins.iris.compat.indium.json","fingerprint":324187179},{"name":"mixins.iris.compat.sodium.json","fingerprint":558239182},{"name":"mixins.iris.fantastic.json","fingerprint":1404281913},{"name":"mixins.iris.fixes.maxfpscrash.json","fingerprint":2786119635},{"name":"mixins.iris.integrationtest.json","fingerprint":4038426548},{"name":"mixins.iris.json","fingerprint":1218674387},{"name":"mixins.iris.optimized-stitching.json","fingerprint":4040851691},{"name":"mixins.iris.vertexformat.json","fingerprint":4082416059},{"name":"net","fingerprint":3502382297}],"projectID":455508,"name":"Iris Shaders","packageFingerprint":2960829413,"fileID":3821021},{"id":3820973,"gameId":432,"modId":394468,"isAvailable":true,"displayName":"Sodium mc1.19-0.4.2","fileName":"sodium-fabric-mc1.19-0.4.2+build.16.jar","releaseType":1,"fileStatus":4,"hashes":[{"value":"6c1b055bce99d0bf64733e0ff95f347e4cd171f3","algo":1},{"value":"d9e7fd3500b22f44d5357ca76d2a7301","algo":2}],"fileDate":"2022-06-07T17:25:02.993Z","fileLength":1364166,"downloadCount":3120,"downloadUrl":"https://edge.forgecdn.net/files/3820/973/sodium-fabric-mc1.19-0.4.2+build.16.jar","gameVersions":["Fabric","Quilt","1.19"],"sortableGameVersions":[{"gameVersionName":"Fabric","gameVersionPadded":"0","gameVersion":"","gameVersionReleaseDate":"2019-08-01T00:00:00Z","gameVersionTypeId":68441},{"gameVersionName":"Quilt","gameVersionPadded":"0","gameVersion":"","gameVersionReleaseDate":"2022-05-26T00:00:00Z","gameVersionTypeId":68441},{"gameVersionName":"1.19","gameVersionPadded":"0000000001.0000000019","gameVersion":"1.19","gameVersionReleaseDate":"2022-06-07T15:38:07.377Z","gameVersionTypeId":73407}],"dependencies":[{"modId":360438,"relationType":2},{"modId":372124,"relationType":2}],"alternateFileId":0,"isServerPack":false,"fileFingerprint":3068699722,"modules":[{"name":"META-INF","fingerprint":2337298697},{"name":"LICENSE.txt","fingerprint":1136524626},{"name":"assets","fingerprint":3591054768},{"name":"fabric.mod.json","fingerprint":2840153339},{"name":"sodium.mixins.json","fingerprint":564551425},{"name":"sodium.accesswidener","fingerprint":1744769279},{"name":"mixins.sodium.refmap.json","fingerprint":1582425630},{"name":"me","fingerprint":1380220355}],"projectID":394468,"name":"Sodium","packageFingerprint":3068699722,"fileID":3820973},{"id":3821014,"gameId":432,"modId":447673,"isAvailable":true,"displayName":"Sodium Extra 0.4.5 for Minecraft 1.19","fileName":"sodium-extra-0.4.5+mc1.19-build.43.jar","releaseType":1,"fileStatus":4,"hashes":[{"value":"56e146060fb212f98a9295283a06c38ba182d063","algo":1},{"value":"fcf5d01f5fd8aab97814a950cfed2bc8","algo":2}],"fileDate":"2022-06-07T17:39:51Z","fileLength":205805,"downloadCount":533,"downloadUrl":"https://edge.forgecdn.net/files/3821/14/sodium-extra-0.4.5+mc1.19-build.43.jar","gameVersions":["Fabric","1.19"],"sortableGameVersions":[{"gameVersionName":"Fabric","gameVersionPadded":"0","gameVersion":"","gameVersionReleaseDate":"2019-08-01T00:00:00Z","gameVersionTypeId":68441},{"gameVersionName":"1.19","gameVersionPadded":"0000000001.0000000019","gameVersion":"1.19","gameVersionReleaseDate":"2022-06-07T15:38:07.377Z","gameVersionTypeId":73407}],"dependencies":[{"modId":455508,"relationType":2},{"modId":511319,"relationType":2},{"modId":394468,"relationType":3}],"alternateFileId":3821015,"isServerPack":false,"fileFingerprint":2386035724,"modules":[{"name":"META-INF","fingerprint":2996752688},{"name":"LICENSE.txt","fingerprint":1136524626},{"name":"assets","fingerprint":3146564554},{"name":"fabric.mod.json","fingerprint":4164233610},{"name":"sodium-extra.mixins.json","fingerprint":1593441231},{"name":"sodium-extra.accesswidener","fingerprint":2114918065},{"name":"sodium-extra-refmap.json","fingerprint":2716756320},{"name":"me","fingerprint":1145974636}],"projectID":447673,"name":"Sodium Extra","packageFingerprint":2386035724,"fileID":3821014},{"id":3820953,"gameId":432,"modId":511319,"isAvailable":true,"displayName":"Reese's Sodium Options 1.4.3 for Minecraft 1.19","fileName":"reeses_sodium_options-1.4.3+mc1.19-build.43.jar","releaseType":1,"fileStatus":4,"hashes":[{"value":"430337cd1d3d6fdf7b3910926b80cc204a082661","algo":1},{"value":"8cbe64c104393da06517f639f0a73bed","algo":2}],"fileDate":"2022-06-07T17:16:34.74Z","fileLength":40585,"downloadCount":366,"downloadUrl":"https://edge.forgecdn.net/files/3820/953/reeses_sodium_options-1.4.3+mc1.19-build.43.jar","gameVersions":["Fabric","1.19"],"sortableGameVersions":[{"gameVersionName":"Fabric","gameVersionPadded":"0","gameVersion":"","gameVersionReleaseDate":"2019-08-01T00:00:00Z","gameVersionTypeId":68441},{"gameVersionName":"1.19","gameVersionPadded":"0000000001.0000000019","gameVersion":"1.19","gameVersionReleaseDate":"2022-06-07T15:38:07.377Z","gameVersionTypeId":73407}],"dependencies":[{"modId":447673,"relationType":2},{"modId":394468,"relationType":3},{"modId":455508,"relationType":2}],"alternateFileId":3820954,"isServerPack":false,"fileFingerprint":2708442829,"modules":[{"name":"META-INF","fingerprint":253573270},{"name":"LICENSE.txt","fingerprint":4014633969},{"name":"assets","fingerprint":222260298},{"name":"fabric.mod.json","fingerprint":1477147810},{"name":"reeses-sodium-options.mixins.json","fingerprint":2667243673},{"name":"reeses_sodium_options-refmap.json","fingerprint":991890863},{"name":"me","fingerprint":591034846}],"projectID":511319,"name":"Reese's Sodium Options","packageFingerprint":2708442829,"fileID":3820953},{"id":3827486,"gameId":432,"modId":348521,"isAvailable":true,"displayName":"[Fabric 1.19] v7.0.72","fileName":"cloth-config-7.0.72-fabric.jar","releaseType":1,"fileStatus":4,"hashes":[{"value":"0bd75623bb0a9537af93dc2d537efdb02dfb50c8","algo":1},{"value":"00c4ed7d15b85eaf3a29c45d18e80534","algo":2}],"fileDate":"2022-06-11T12:12:59.67Z","fileLength":1126255,"downloadCount":50,"downloadUrl":"https://edge.forgecdn.net/files/3827/486/cloth-config-7.0.72-fabric.jar","gameVersions":["Fabric","1.19-Snapshot","1.19"],"sortableGameVersions":[{"gameVersionName":"Fabric","gameVersionPadded":"0","gameVersion":"","gameVersionReleaseDate":"2019-08-01T00:00:00Z","gameVersionTypeId":68441},{"gameVersionName":"1.19-Snapshot","gameVersionPadded":"0000000001.0000000019","gameVersion":"1.19","gameVersionReleaseDate":"2022-02-21T00:00:00Z","gameVersionTypeId":73407},{"gameVersionName":"1.19","gameVersionPadded":"0000000001.0000000019","gameVersion":"1.19","gameVersionReleaseDate":"2022-06-07T15:38:07.377Z","gameVersionTypeId":73407}],"dependencies":[],"alternateFileId":0,"isServerPack":false,"fileFingerprint":620771492,"modules":[{"name":"META-INF","fingerprint":2585200223},{"name":"LICENSE.md","fingerprint":4008471873},{"name":"assets","fingerprint":1681417698},{"name":"fabric.mod.json","fingerprint":2815253737},{"name":"cloth-config.accessWidener","fingerprint":1976903584},{"name":"icon.png","fingerprint":2356087988},{"name":"me","fingerprint":1352525991},{"name":"architectury_inject_clothconfig_common_b003ef15d36046e0ac50b9f61c91c10e_596d06ccbf19a1c04abd194703ef15557ffbaf94e9277d30f162a7309101b7efclothconfig7072devjar","fingerprint":1682662479}],"projectID":348521,"name":"Cloth Config API (Fabric/Forge)","packageFingerprint":620771492,"fileID":3827486},{"id":3834808,"gameId":432,"modId":349630,"isAvailable":true,"displayName":"WI-Zoom-1.4-MC1.19.jar","fileName":"WI-Zoom-1.4-MC1.19.jar","releaseType":1,"fileStatus":4,"hashes":[{"value":"cb322aec441afdffdbbbe5eb6ba279615951f6e9","algo":1},{"value":"219b81d9f9ae2e6c9dc897f41a240007","algo":2}],"fileDate":"2022-06-16T16:37:33.663Z","fileLength":139795,"downloadCount":0,"downloadUrl":"https://edge.forgecdn.net/files/3834/808/WI-Zoom-1.4-MC1.19.jar","gameVersions":["Fabric","1.19"],"sortableGameVersions":[{"gameVersionName":"Fabric","gameVersionPadded":"0","gameVersion":"","gameVersionReleaseDate":"2019-08-01T00:00:00Z","gameVersionTypeId":68441},{"gameVersionName":"1.19","gameVersionPadded":"0000000001.0000000019","gameVersion":"1.19","gameVersionReleaseDate":"2022-06-07T15:38:07.377Z","gameVersionTypeId":73407}],"dependencies":[{"modId":306612,"relationType":3}],"alternateFileId":3834809,"isServerPack":false,"fileFingerprint":2227829516,"modules":[{"name":"META-INF","fingerprint":1110427552},{"name":"wi-zoom.mixins.json","fingerprint":1344400996},{"name":"fabric.mod.json","fingerprint":1166979203},{"name":"assets","fingerprint":650748984},{"name":"WI-Zoom-refmap.json","fingerprint":3659853763},{"name":"net","fingerprint":178546554}],"projectID":349630,"name":"WI Zoom","packageFingerprint":2227829516,"fileID":3834808},{"id":3865696,"gameId":432,"modId":360438,"isAvailable":true,"displayName":"Lithium mc1.19-0.8.1","fileName":"lithium-fabric-mc1.19-0.8.1.jar","releaseType":1,"fileStatus":4,"hashes":[{"value":"8316f71030ffc74af09b781d3281d575b61db0e0","algo":1},{"value":"50018b4a1ab7045c837563a710feb212","algo":2}],"fileDate":"2022-07-09T16:03:17.983Z","fileLength":475664,"downloadCount":0,"downloadUrl":"https://edge.forgecdn.net/files/3865/696/lithium-fabric-mc1.19-0.8.1.jar","gameVersions":["Fabric","1.19"],"sortableGameVersions":[{"gameVersionName":"Fabric","gameVersionPadded":"0","gameVersion":"","gameVersionReleaseDate":"2019-08-01T00:00:00Z","gameVersionTypeId":68441},{"gameVersionName":"1.19","gameVersionPadded":"0000000001.0000000019","gameVersion":"1.19","gameVersionReleaseDate":"2022-06-07T15:38:07.377Z","gameVersionTypeId":73407}],"dependencies":[{"modId":394468,"relationType":2},{"modId":372124,"relationType":2}],"alternateFileId":0,"isServerPack":false,"fileFingerprint":4100137711,"modules":[{"name":"LICENSE.txt","fingerprint":1136524626},{"name":"META-INF","fingerprint":3389409500},{"name":"assets","fingerprint":1769415467},{"name":"fabric.mod.json","fingerprint":917101507},{"name":"lithium.accesswidener","fingerprint":1472479566},{"name":"lithium.mixins.json","fingerprint":2302997578},{"name":"me","fingerprint":1713649014},{"name":"mixins.lithium.refmap.json","fingerprint":3128693010}],"projectID":360438,"name":"Lithium (Fabric)","packageFingerprint":4100137711,"fileID":3865696},{"id":3835973,"gameId":432,"modId":521783,"isAvailable":true,"displayName":"Starlight 1.1.1 1.19.x (Fabric)","fileName":"starlight-1.1.1+fabric.ae22326.jar","releaseType":1,"fileStatus":4,"hashes":[{"value":"de6fe932555604345477db89b59d59249909c640","algo":1},{"value":"98bca210d5ddaee18a6375ad27f505f8","algo":2}],"fileDate":"2022-06-17T13:04:25.707Z","fileLength":127465,"downloadCount":1348869,"downloadUrl":"https://edge.forgecdn.net/files/3835/973/starlight-1.1.1+fabric.ae22326.jar","gameVersions":["Fabric","1.19.2","1.19.1","1.19"],"sortableGameVersions":[{"gameVersionName":"Fabric","gameVersionPadded":"0","gameVersion":"","gameVersionReleaseDate":"2019-08-01T00:00:00Z","gameVersionTypeId":68441},{"gameVersionName":"1.19.2","gameVersionPadded":"0000000001.0000000019.0000000002","gameVersion":"1.19.2","gameVersionReleaseDate":"2022-08-05T14:12:22.413Z","gameVersionTypeId":73407},{"gameVersionName":"1.19.1","gameVersionPadded":"0000000001.0000000019.0000000001","gameVersion":"1.19.1","gameVersionReleaseDate":"2022-06-28T00:00:00Z","gameVersionTypeId":73407},{"gameVersionName":"1.19","gameVersionPadded":"0000000001.0000000019","gameVersion":"1.19","gameVersionReleaseDate":"2022-06-07T15:38:07.377Z","gameVersionTypeId":73407}],"dependencies":[],"alternateFileId":0,"isServerPack":false,"fileFingerprint":1662610941,"modules":[{"name":"META-INF","fingerprint":1334701839},{"name":"LICENSE","fingerprint":1103365096},{"name":"starlight.mixins.json","fingerprint":3406834640},{"name":"starlight.accesswidener","fingerprint":2464441095},{"name":"fabric.mod.json","fingerprint":502267849},{"name":"assets","fingerprint":412109875},{"name":"starlight-refmap.json","fingerprint":4101924562},{"name":"ca","fingerprint":3701700551}],"projectID":521783,"name":"Starlight (Fabric)","packageFingerprint":1662610941,"fileID":3835973},{"id":3891323,"gameId":432,"modId":306612,"isAvailable":true,"displayName":"[1.19] Fabric API 0.58.0+1.19","fileName":"fabric-api-0.58.0+1.19.jar","releaseType":1,"fileStatus":4,"hashes":[{"value":"6d29acc99b293b2be7060df6d7c887812bd54e46","algo":1},{"value":"8dc6b3fe7a7844d6f9dbbe71e90d01ab","algo":2}],"fileDate":"2022-07-21T20:10:36.18Z","fileLength":1496048,"downloadCount":51930,"downloadUrl":"https://edge.forgecdn.net/files/3891/323/fabric-api-0.58.0+1.19.jar","gameVersions":["Fabric","1.19"],"sortableGameVersions":[{"gameVersionName":"Fabric","gameVersionPadded":"0","gameVersion":"","gameVersionReleaseDate":"2019-08-01T00:00:00Z","gameVersionTypeId":68441},{"gameVersionName":"1.19","gameVersionPadded":"0000000001.0000000019","gameVersion":"1.19","gameVersionReleaseDate":"2022-06-07T15:38:07.377Z","gameVersionTypeId":73407}],"dependencies":[],"alternateFileId":0,"isServerPack":false,"fileFingerprint":4046443542,"modules":[{"name":"META-INF","fingerprint":2886937836},{"name":"assets","fingerprint":860504683},{"name":"fabric.mod.json","fingerprint":1834764364}],"projectID":306612,"name":"Fabric API","packageFingerprint":4046443542,"fileID":3891323},{"id":3901211,"gameId":432,"modId":463113,"isAvailable":true,"displayName":"0.6.4","fileName":"arrp-0.6.4.jar","releaseType":1,"fileStatus":4,"hashes":[{"value":"d18e0e8fd5373b60eed33094d1b511da29368248","algo":1},{"value":"da707888217bad88190933863feab33d","algo":2}],"fileDate":"2022-07-26T22:14:16.07Z","fileLength":151142,"downloadCount":0,"downloadUrl":"https://edge.forgecdn.net/files/3901/211/arrp-0.6.4.jar","gameVersions":["Fabric","1.19"],"sortableGameVersions":[{"gameVersionName":"Fabric","gameVersionPadded":"0","gameVersion":"","gameVersionReleaseDate":"2019-08-01T00:00:00Z","gameVersionTypeId":68441},{"gameVersionName":"1.19","gameVersionPadded":"0000000001.0000000019","gameVersion":"1.19","gameVersionReleaseDate":"2022-06-07T15:38:07.377Z","gameVersionTypeId":73407}],"dependencies":[],"alternateFileId":0,"isServerPack":false,"fileFingerprint":1058860788,"modules":[{"name":"META-INF","fingerprint":2836371421},{"name":"LICENSE_arrp","fingerprint":2980605036},{"name":"fabric.mod.json","fingerprint":174567826},{"name":"assets","fingerprint":1443343196},{"name":"arrp.mixins.json","fingerprint":1320134592},{"name":"arrp-refmap.json","fingerprint":1493072104},{"name":"net","fingerprint":3078141103}],"projectID":463113,"name":"ARRP","packageFingerprint":1058860788,"fileID":3901211}],"notes":[{"type":"paragraph","children":[{"text":"The Official DotSMP modpack. dotsm"}]}],"lastPlayed":1671222206850}